WORD_ID,VOCAB_WORD
0,http
1,use
2,list
3,email
4,get
5,mail
6,one
7,free
8,time
9,work
10,messag
11,make
12,like
13,would
14,peopl
15,inform
16,new
17,receiv
18,pleas
19,busi
20,address
21,click
22,want
23,us
24,need
25,order
26,remov
27,also
28,go
29,year
30,send
31,money
32,file
33,compani
34,system
35,name
36,report
37,wrote
38,way
39,user
40,look
41,site
42,chang
43,day
44,state
45,know
46,program
47,may
48,see
49,could
50,call
51,group
52,even
53,think
54,includ
55,linux
56,first
57,offer
58,take
59,say
60,servic
61,right
62,world
63,tri
64,help
65,find
66,market
67,internet
68,product
69,mani
70,much
71,home
72,said
73,softwar
74,web
75,problem
76,date
77,line
78,spam
79,start
80,check
81,number
82,run
83,good
84,thing
85,link
86,well
87,subject
88,phone
89,interest
90,govern
91,person
92,provid
93,set
94,today
95,come
96,best
97,give
98,million
99,server
100,follow
101,back
102,form
103,rate
104,month
105,everi
106,secur
107,gener
108,price
109,url
110,still
111,comput
112,packag
113,instal
114,avail
115,sent
116,code
117,life
118,commun
119,version
120,read
121,sinc
122,ad
123,grant
124,maintain
125,sponsor
126,thank
127,network
128,two
129,credit
130,differ
131,without
132,made
133,develop
134,support
135,within
136,week
137,write
138,save
139,realli
140,case
141,page
142,subscript
143,someth
144,irish
145,current
146,un
147,last
148,anyon
149,onlin
150,complet
151,sure
152,card
153,requir
154,seem
155,build
156,ca
157,custom
158,manag
159,never
160,de
161,ilug
162,better
163,special
164,keep
165,window
166,point
167,place
168,search
169,per
170,anoth
171,found
172,access
173,actual
174,repli
175,result
176,contact
177,question
178,part
179,base
180,listmast
181,futur
182,issu
183,old
184,put
185,wish
186,let
187,next
188,long
189,countri
190,live
191,hour
192,must
193,end
194,invest
195,process
196,easi
197,mean
198,unsubscrib
199,lot
200,unit
201,great
202,got
203,guarante
204,nation
205,show
206,account
207,technolog
208,might
209,power
210,releas
211,legal
212,cost
213,data
214,allow
215,sourc
216,success
217,news
218,engin
219,possibl
220,trade
221,profession
222,idea
223,increas
224,post
225,advertis
226,pay
227,ask
228,public
229,error
230,open
231,websit
232,test
233,opportun
234,real
235,sell
236,ever
237,less
238,insur
239,respons
240,plan
241,design
242,tell
243,creat
244,visit
245,word
246,buy
247,howev
248,reason
249,prefer
250,heaven
251,someon
252,effect
253,aug
254,cd
255,sale
256,law
257,applic
258,improv
259,instead
260,around
261,fact
262,least
263,box
264,dollar
265,ye
266,rpm
267,fix
268,american
269,job
270,copi
271,probabl
272,simpl
273,cours
274,origin
275,believ
276,contain
277,fax
278,move
279,type
280,happen
281,friend
282,though
283,littl
284,total
285,financi
286,welcom
287,share
288,request
289,els
290,add
291,client
292,exampl
293,abl
294,format
295,perl
296,valu
297,anyth
298,simpli
299,alway
300,alreadi
301,high
302,fill
303,protect
304,full
305,cash
306,feel
307,mailto
308,directori
309,import
310,regard
311,bit
312,stop
313,purchas
314,licens
315,signatur
316,note
317,experi
318,intern
319,polici
320,answer
321,exist
322,return
323,updat
324,famili
325,past
326,learn
327,info
328,sep
329,top
330,geek
331,ship
332,becom
333,age
334,act
335,instruct
336,lead
337,drive
338,small
339,suppli
340,second
341,control
342,databas
343,member
344,select
345,low
346,thousand
347,recent
348,citi
349,incom
350,done
351,featur
352,etc
353,stuff
354,limit
355,minut
356,industri
357,turn
358,sever
359,yet
360,appli
361,folder
362,tool
363,continu
364,understand
365,c
366,detail
367,guid
368,noth
369,everyth
370,step
371,exmh
372,oper
373,notic
374,enough
375,big
376,claim
377,care
378,sign
379,e
380,caus
381,univers
382,letter
383,key
384,larg
385,three
386,hard
387,thinkgeek
388,other
389,connect
390,bill
391,record
392,discuss
393,accept
394,thu
395,term
396,offic
397,america
398,via
399,specif
400,pgp
401,play
402,talk
403,text
404,option
405,mayb
406,direct
407,immedi
408,deal
409,download
410,major
411,seen
412,hope
413,forc
414,subscrib
415,plu
416,comment
417,kind
418,thought
419,individu
420,decid
421,rule
422,lose
423,log
424,natur
425,method
426,matter
427,risk
428,yahoo
429,true
430,either
431,rememb
432,assist
433,content
434,rather
435,present
436,quot
437,mime
438,away
439,wait
440,bank
441,r
442,kernel
443,fund
444,hand
445,local
446,project
447,secret
448,hundr
449,loan
450,matthia
451,train
452,level
453,corpor
454,consid
455,research
456,area
457,razor
458,august
459,book
460,forward
461,addit
462,root
463,stori
464,polit
465,machin
466,standard
467,bad
468,target
469,benefit
470,entir
471,quit
472,war
473,suggest
474,document
475,appear
476,copyright
477,global
478,presid
479,bodi
480,author
481,bug
482,posit
483,often
484,expect
485,mind
486,center
487,distribut
488,human
489,juli
490,septemb
491,grow
492,ago
493,jul
494,qualiti
495,hit
496,size
497,trust
498,partner
499,island
500,easili
501,absolut
502,pm
503,agent
504,love
505,whether
506,activ
507,join
508,b
509,given
510,involv
511,solut
512,collect
513,happi
514,amount
515,fast
516,associ
517,dvd
518,domain
519,charg
520,promot
521,man
522,whole
523,far
524,sort
525,earn
526,parti
527,later
528,fork
529,hi
530,feder
531,submit
532,upon
533,mortgag
534,meet
535,potenti
536,wed
537,wrong
538,refer
539,nice
540,enter
541,load
542,tm
543,everyon
544,social
545,singl
546,econom
547,transact
548,john
549,publish
550,almost
551,wonder
552,red
553,discov
554,reach
555,close
556,view
557,fail
558,execut
559,pass
560,sound
561,depend
562,privat
563,women
564,perform
565,profit
566,broadcast
567,attack
568,newslett
569,paid
570,relat
571,automat
572,mark
573,effort
574,media
575,contract
576,statement
577,delet
578,foreign
579,begin
580,compil
581,final
582,sequenc
583,regist
584,wo
585,miss
586,bush
587,spamassassin
588,x
589,figur
590,cell
591,handl
592,command
593,stock
594,header
595,action
596,locat
597,similar
598,game
599,pick
600,display
601,tuesday
602,templ
603,transfer
604,disk
605,hat
606,chri
607,produc
608,digit
609,event
610,soon
611,known
612,track
613,articl
614,print
615,longer
616,tax
617,properti
618,function
619,mention
620,pretti
621,toner
622,store
623,men
624,default
625,dear
626,commiss
627,microsoft
628,debt
629,pc
630,hous
631,oblig
632,upgrad
633,sun
634,respect
635,script
636,due
637,organ
638,enenkio
639,imag
640,administr
641,bulk
642,weight
643,payment
644,health
645,freedom
646,along
647,daili
648,net
649,practic
650,bonu
651,usa
652,billion
653,capit
654,cartridg
655,offici
656,propos
657,worth
658,languag
659,resourc
660,came
661,strategi
662,half
663,leav
664,late
665,anyway
666,concern
667,exactli
668,platform
669,clear
670,remain
671,street
672,html
673,devic
674,assum
675,car
676,lost
677,review
678,la
679,tire
680,ok
681,ignor
682,head
683,tue
684,interact
685,went
686,respond
687,hear
688,tablet
689,taken
690,deliv
691,independ
692,perhap
693,clean
694,configur
695,bring
696,compar
697,qualifi
698,averag
699,fine
700,space
701,watch
702,press
703,invok
704,retail
705,expens
706,recommend
707,school
708,short
709,field
710,n
711,fee
712,memori
713,membership
714,host
715,enabl
716,fall
717,guess
718,consult
719,huge
720,suit
721,xml
722,edit
723,extrem
724,usual
725,choos
726,warn
727,advantag
728,common
729,agre
730,except
731,port
732,en
733,normal
734,region
735,materi
736,side
737,abil
738,educ
739,announc
740,fri
741,basic
742,dream
743,five
744,cheer
745,guy
746,although
747,paper
748,told
749,drop
750,le
751,item
752,confidenti
753,spend
754,main
755,vulner
756,hold
757,readi
758,growth
759,replac
760,electron
761,win
762,model
763,left
764,face
765,studi
766,interfac
767,unseen
768,reserv
769,mon
770,altern
771,loss
772,safe
773,intend
774,accord
775,kingdom
776,choic
777,approv
778,implement
779,oz
780,multipl
781,rest
782,histori
783,id
784,situat
785,commerci
786,moment
787,extra
788,employ
789,combin
790,section
791,quick
792,togeth
793,chanc
794,investig
795,insid
796,coupl
797,pictur
798,initi
799,purpos
800,msg
801,advanc
802,goe
803,confirm
804,j
805,avoid
806,court
807,across
808,unless
809,break
810,util
811,monday
812,fals
813,burn
814,object
815,particular
816,energi
817,express
818,score
819,societi
820,et
821,video
822,male
823,india
824,took
825,owner
826,indic
827,count
828,sens
829,p
830,filter
831,speed
832,agenc
833,directli
834,correct
835,variou
836,profil
837,anywher
838,die
839,procedur
840,four
841,seek
842,uniqu
843,period
844,ventur
845,match
846,black
847,gpl
848,especi
849,kevin
850,piec
851,unison
852,consum
853,sex
854,investor
855,spammer
856,whatev
857,behalf
858,certain
859,color
860,explain
861,class
862,knowledg
863,popul
864,adam
865,setup
866,oh
867,remot
868,gain
869,cut
870,latest
871,militari
872,tip
873,dagga
874,atol
875,ftp
876,block
877,googl
878,marshal
879,south
880,unix
881,lawrenc
882,tv
883,gari
884,patch
885,valuabl
886,shop
887,smoke
888,team
889,establish
890,switch
891,imagin
892,java
893,ragga
894,aaaaaaaaaaaaaaaaaaaaaaaaaaaaaaaaaaaaaaaaaaaaaaaaaaaaaaaaaaaaaaaaaaaaaaaaaaaa
895,integr
896,prevent
897,robert
898,third
899,boot
900,prepar
901,attempt
902,will
903,particip
904,privaci
905,folk
906,york
907,heard
908,necessari
909,hardwar
910,sorri
911,manual
912,sometim
913,congress
914,bottl
915,tag
916,saou
917,reduc
918,driver
919,screen
920,fastest
921,night
922,china
923,certainli
924,sa
925,enjoy
926,stand
927,valid
928,cover
929,depart
930,backup
931,suppos
932,alb
933,obtain
934,path
935,regul
936,goal
937,mass
938,seriou
939,capabl
940,botan
941,lower
942,amaz
943,competit
944,fulli
945,h
946,land
947,promis
948,speak
949,poor
950,medic
951,deathtospamdeathtospamdeathtospam
952,traffic
953,scienc
954,extend
955,introduc
956,apolog
957,lowest
958,defin
959,movi
960,describ
961,titl
962,paul
963,troubl
964,cv
965,film
966,exchang
967,neg
968,death
969,easier
970,f
971,decis
972,sender
973,osdn
974,os
975,wireless
976,rang
977,approach
978,technic
979,six
980,earli
981,murphi
982,predict
983,apt
984,redhat
985,music
986,quickli
987,written
988,commit
989,fat
990,beberg
991,fortun
992,white
993,king
994,firm
995,telephon
996,father
997,sold
998,kill
999,worri
1000,im
1001,ham
1002,michael
1003,mobil
1004,seventh
1005,judgment
1006,uk
1007,ensur
1008,desir
1009,north
1010,premium
1011,economi
1012,attach
1013,opinion
1014,player
1015,faster
1016,definit
1017,librari
1018,archiv
1019,button
1020,argument
1021,adult
1022,appar
1023,achiev
1024,bar
1025,enterpris
1026,separ
1027,travel
1028,techniqu
1029,cooper
1030,threat
1031,demand
1032,board
1033,deserv
1034,browser
1035,modul
1036,hello
1037,anim
1038,condit
1039,outsid
1040,wide
1041,dave
1042,stay
1043,terrorist
1044,attent
1045,david
1046,estat
1047,enhanc
1048,elimin
1049,children
1050,expert
1051,pain
1052,drug
1053,wall
1054,virtual
1055,repres
1056,cabl
1057,determin
1058,gnupg
1059,kid
1060,declar
1061,sincer
1062,modifi
1063,washington
1064,held
1065,environ
1066,monthli
1067,permiss
1068,fun
1069,signific
1070,danger
1071,g
1072,relev
1073,confid
1074,w
1075,programm
1076,l
1077,iii
1078,diet
1079,sum
1080,rich
1081,canada
1082,air
1083,cat
1084,cc
1085,equip
1086,none
1087,exclus
1088,popular
1089,proven
1090,forev
1091,excel
1092,bottom
1093,justin
1094,bitbitch
1095,friday
1096,expand
1097,central
1098,usd
1099,paragraph
1100,sexual
1101,factor
1102,skip
1103,centuri
1104,string
1105,relationship
1106,near
1107,identifi
1108,monitor
1109,director
1110,anybodi
1111,challeng
1112,excit
1113,behind
1114,toward
1115,asset
1116,terror
1117,appreci
1118,perfect
1119,confer
1120,girl
1121,sampl
1122,exercis
1123,rais
1124,whose
1125,citizen
1126,among
1127,defens
1128,rh
1129,progress
1130,discoveri
1131,unsolicit
1132,thread
1133,reader
1134,hettinga
1135,rel
1136,road
1137,west
1138,difficult
1139,fit
1140,illeg
1141,photo
1142,colleg
1143,earth
1144,entri
1145,lender
1146,intellig
1147,spain
1148,partit
1149,tie
1150,seri
1151,solv
1152,octob
1153,confus
1154,william
1155,chief
1156,serv
1157,acquir
1158,strong
1159,measur
1160,verifi
1161,fair
1162,refin
1163,smart
1164,stupid
1165,european
1166,instant
1167,largest
1168,tree
1169,san
1170,mode
1171,french
1172,extract
1173,peac
1174,sweet
1175,regular
1176,built
1177,equival
1178,suse
1179,procmail
1180,mac
1181,lock
1182,datapow
1183,laptop
1184,slow
1185,oct
1186,reliabl
1187,conveni
1188,resid
1189,categori
1190,brian
1191,tradit
1192,tim
1193,inlin
1194,dead
1195,africa
1196,warranti
1197,front
1198,graphic
1199,ident
1200,voic
1201,deliveri
1202,leader
1203,europ
1204,cach
1205,annuiti
1206,realiz
1207,gnu
1208,pattern
1209,evid
1210,useless
1211,ten
1212,emerg
1213,femal
1214,capillari
1215,statu
1216,compat
1217,desktop
1218,fire
1219,art
1220,campaign
1221,occur
1222,therefor
1223,gift
1224,abus
1225,young
1226,cultur
1227,institut
1228,hp
1229,concept
1230,herba
1231,satellit
1232,previous
1233,revenu
1234,physic
1235,higher
1236,thursday
1237,brand
1238,june
1239,convers
1240,walk
1241,deposit
1242,aid
1243,launch
1244,inde
1245,doubt
1246,otherwis
1247,nigeria
1248,ms
1249,degre
1250,concentr
1251,roll
1252,contribut
1253,weapon
1254,honor
1255,forget
1256,indian
1257,yeah
1258,arriv
1259,background
1260,compet
1261,former
1262,classifi
1263,carri
1264,echo
1265,unlimit
1266,wife
1267,repositori
1268,pacif
1269,token
1270,recipi
1271,listen
1272,affili
1273,isp
1274,conflict
1275,fight
1276,critic
1277,password
1278,powel
1279,unfortun
1280,surpris
1281,sat
1282,percent
1283,storag
1284,extens
1285,discount
1286,app
1287,tech
1288,detect
1289,hermio
1290,sit
1291,effici
1292,jabber
1293,assur
1294,basi
1295,water
1296,succeed
1297,civil
1298,sleep
1299,hot
1300,inc
1301,output
1302,intro
1303,panel
1304,kept
1305,god
1306,garrigu
1307,substanti
1308,printer
1309,alsa
1310,jm
1311,enemi
1312,nobodi
1313,catch
1314,ip
1315,proprietari
1316,menu
1317,attract
1318,pull
1319,descript
1320,scan
1321,light
1322,mine
1323,worldwid
1324,tabl
1325,wednesday
1326,advic
1327,saw
1328,joe
1329,pudg
1330,revers
1331,truth
1332,v
1333,index
1334,disabl
1335,euro
1336,vendor
1337,manufactur
1338,seven
1339,gone
1340,patent
1341,structur
1342,analysi
1343,agreement
1344,franc
1345,vote
1346,room
1347,balanc
1348,lack
1349,cool
1350,k
1351,specifi
1352,alon
1353,decad
1354,jame
1355,morn
1356,teach
1357,california
1358,editor
1359,obvious
1360,boston
1361,awar
1362,gold
1363,charact
1364,int
1365,wast
1366,whitelist
1367,zip
1368,innov
1369,treat
1370,construct
1371,polic
1372,tom
1373,theori
1374,highli
1375,financ
1376,journal
1377,temperatur
1378,ga
1379,u
1380,trick
1381,career
1382,clue
1383,insert
1384,touch
1385,encourag
1386,spec
1387,flag
1388,constitut
1389,ultim
1390,incred
1391,middl
1392,gcc
1393,greater
1394,son
1395,afford
1396,impress
1397,correspond
1398,attorney
1399,cent
1400,ebay
1401,brain
1402,usag
1403,peni
1404,anymor
1405,dan
1406,blank
1407,boy
1408,input
1409,greg
1410,wake
1411,previou
1412,larger
1413,blood
1414,empir
1415,master
1416,trial
1417,mechan
1418,jim
1419,summari
1420,annual
1421,mother
1422,cbyi
1423,hate
1424,suffer
1425,mike
1426,el
1427,democrat
1428,urgent
1429,stream
1430,perman
1431,advis
1432,focu
1433,cheap
1434,pound
1435,underwrit
1436,judg
1437,suspect
1438,particularli
1439,flow
1440,varieti
1441,mostli
1442,skeptic
1443,smtp
1444,speech
1445,star
1446,php
1447,percentag
1448,instanc
1449,mistak
1450,wealth
1451,obviou
1452,behavior
1453,dynam
1454,delay
1455,vacat
1456,super
1457,republ
1458,dark
1459,earlier
1460,keyboard
1461,destruct
1462,binari
1463,eye
1464,warm
1465,toni
1466,comfort
1467,ban
1468,woman
1469,ireland
1470,rock
1471,mailer
1472,affect
1473,telecom
1474,vipul
1475,termin
1476,arm
1477,channel
1478,laserjet
1479,rick
1480,reveal
1481,firewal
1482,char
1483,steve
1484,consolid
1485,tend
1486,english
1487,knew
1488,se
1489,motiv
1490,heart
1491,rss
1492,essenti
1493,lawyer
1494,alli
1495,btw
1496,principl
1497,domest
1498,prospect
1499,recogn
1500,consist
1501,floppi
1502,skill
1503,core
1504,highlight
1505,style
1506,pack
1507,estim
1508,prompt
1509,beta
1510,wing
1511,nearli
1512,bonus
1513,dell
1514,invit
1515,opt
1516,lifetim
1517,gnome
1518,defend
1519,eventu
1520,somewher
1521,unlik
1522,magazin
1523,pipe
1524,planta
1525,beat
1526,vehicl
1527,staff
1528,fl
1529,task
1530,map
1531,role
1532,ftoc
1533,sensit
1534,mlm
1535,comprehens
1536,audio
1537,teledynam
1538,march
1539,pocket
1540,hair
1541,modem
1542,restor
1543,ground
1544,roman
1545,eat
1546,modern
1547,python
1548,dn
1549,food
1550,histor
1551,babi
1552,despit
1553,biggest
1554,clearli
1555,picasso
1556,strength
1557,complianc
1558,revis
1559,suck
1560,convert
1561,everybodi
1562,favor
1563,bind
1564,impact
1565,strongli
1566,eval
1567,fresh
1568,commentari
1569,senior
1570,coverag
1571,met
1572,british
1573,minimum
1574,interview
1575,config
1576,exploit
1577,conserv
1578,dragon
1579,peter
1580,shown
1581,permit
1582,dont
1583,mile
1584,texa
1585,beyond
1586,liber
1587,doctor
1588,truli
1589,employe
1590,spot
1591,instantli
1592,font
1593,failur
1594,stabl
1595,equal
1596,mailbox
1597,gave
1598,protocol
1599,reli
1600,optim
1601,synchron
1602,typic
1603,brought
1604,tx
1605,q
1606,signal
1607,visa
1608,tape
1609,consider
1610,auto
1611,draw
1612,al
1613,expir
1614,worst
1615,led
1616,proper
1617,chines
1618,showcas
1619,crash
1620,distanc
1621,revok
1622,exact
1623,summer
1624,dial
1625,calcul
1626,variabl
1627,startup
1628,translat
1629,geeg
1630,finish
1631,hidden
1632,spent
1633,stylu
1634,imposs
1635,extern
1636,crimin
1637,neighbor
1638,plant
1639,annoy
1640,boss
1641,prove
1642,broker
1643,favorit
1644,evil
1645,yesterday
1646,retriev
1647,husband
1648,strang
1649,artist
1650,acknowledg
1651,rare
1652,ran
1653,z
1654,netscap
1655,repair
1656,pop
1657,sir
1658,bearer
1659,sole
1660,feet
1661,bigger
1662,foundat
1663,guidelin
1664,edward
1665,rob
1666,evalu
1667,england
1668,beauti
1669,somebodi
1670,equiti
1671,sport
1672,serious
1673,hack
1674,portion
1675,rebuild
1676,autom
1677,hell
1678,scientist
1679,safeti
1680,properli
1681,hotel
1682,poverti
1683,planet
1684,gentl
1685,chicago
1686,hire
1687,iiu
1688,sunday
1689,scheme
1690,correctli
1691,explor
1692,jump
1693,strip
1694,restrict
1695,lie
1696,push
1697,bell
1698,antiqu
1699,minor
1700,prescript
1701,ii
1702,spread
1703,station
1704,climat
1705,mount
1706,fundament
1707,shape
1708,student
1709,radio
1710,epson
1711,headlin
1712,lo
1713,primari
1714,diseas
1715,currenc
1716,threaten
1717,becam
1718,entertain
1719,recruit
1720,para
1721,vou
1722,damag
1723,resum
1724,herb
1725,proxi
1726,mainten
1727,spamd
1728,architectur
1729,craig
1730,protest
1731,seed
1732,recal
1733,hang
1734,laser
1735,happier
1736,merchant
1737,moor
1738,prioriti
1739,muscl
1740,exit
1741,buyer
1742,disclaim
1743,viagra
1744,doubl
1745,settlement
1746,sendmail
1747,stick
1748,van
1749,vast
1750,corpu
1751,remedi
1752,plug
1753,feroc
1754,green
1755,ticket
1756,wors
1757,dozen
1758,angl
1759,prior
1760,fantasi
1761,disappear
1762,hall
1763,luck
1764,camera
1765,faith
1766,ssh
1767,georg
1768,laugh
1769,western
1770,feedback
1771,somehow
1772,reg
1773,creativ
1774,feed
1775,anonym
1776,oil
1777,broken
1778,aspect
1779,pour
1780,reject
1781,realiti
1782,usb
1783,eugen
1784,supplement
1785,tel
1786,bother
1787,child
1788,seminar
1789,norton
1790,hormon
1791,batteri
1792,symbol
1793,kathmandu
1794,acceler
1795,committe
1796,authent
1797,democraci
1798,perfectli
1799,arrang
1800,shall
1801,parent
1802,shot
1803,allianc
1804,encrypt
1805,substanc
1806,doc
1807,entrepreneur
1808,convent
1809,argu
1810,appeal
1811,mozilla
1812,convinc
1813,funni
1814,à
1815,phrase
1816,neither
1817,park
1818,statist
1819,observ
1820,sponsorship
1821,legitim
1822,shock
1823,slightli
1824,door
1825,random
1826,serial
1827,electr
1828,ie
1829,edg
1830,hey
1831,strictli
1832,meant
1833,nort
1834,queri
1835,merg
1836,resolv
1837,refund
1838,edificio
1839,highest
1840,barcelona
1841,auction
1842,solari
1843,award
1844,frame
1845,east
1846,appropri
1847,kelli
1848,repeat
1849,fear
1850,union
1851,tomorrow
1852,volum
1853,smaller
1854,daniel
1855,hunt
1856,postal
1857,pressur
1858,stabil
1859,capac
1860,damn
1861,survey
1862,bear
1863,aphrodisia
1864,lesson
1865,carrier
1866,surviv
1867,bought
1868,amend
1869,arrest
1870,declin
1871,te
1872,farquhar
1873,fairli
1874,mr
1875,odd
1876,twice
1877,alter
1878,strike
1879,trip
1880,mason
1881,herbal
1882,banner
1883,weekend
1884,buffer
1885,pablo
1886,aggress
1887,owen
1888,virus
1889,iraq
1890,nt
1891,compon
1892,inbox
1893,promiscu
1894,ah
1895,harm
1896,duplic
1897,appl
1898,violat
1899,welch
1900,easiest
1901,cold
1902,gmt
1903,licenc
1904,prosaka
1905,complain
1906,race
1907,winner
1908,exclud
1909,cancel
1910,zero
1911,mirror
1912,testimoni
1913,januari
1914,mh
1915,bunch
1916,audienc
1917,nativ
1918,md
1919,algorithm
1920,vari
1921,bandwidth
1922,ratio
1923,round
1924,presum
1925,reduct
1926,genet
1927,pill
1928,blog
1929,deni
1930,formula
1931,honest
1932,viru
1933,hmm
1934,farm
1935,debian
1936,spray
1937,scam
1938,elsewher
1939,label
1940,compens
1941,precis
1942,possess
1943,renew
1944,gibbon
1945,martin
1946,sea
1947,bankruptci
1948,saturday
1949,partnership
1950,vjestika
1951,approxim
1952,analyst
1953,gay
1954,brief
1955,club
1956,tab
1957,reboot
1958,â
1959,split
1960,austin
1961,blue
1962,processor
1963,roger
1964,lift
1965,msgid
1966,massiv
1967,weekli
1968,grand
1969,deploy
1970,mous
1971,envelop
1972,reward
1973,gordon
1974,plugin
1975,dramat
1976,porn
1977,invent
1978,environment
1979,inconveni
1980,inspir
1981,fuck
1982,empti
1983,that
1984,cancer
1985,flash
1986,writer
1987,aol
1988,rohit
1989,agreeabl
1990,religion
1991,ps
1992,infrastructur
1993,millionair
1994,dig
1995,retir
1996,ibm
1997,engag
1998,nvidia
1999,sm
2000,collabor
2001,complex
2002,anytim
2003,adopt
2004,apart
2005,prohibit
2006,northern
2007,assembl
2008,conduct
2009,satisfi
2010,ministri
2011,harley
2012,justic
2013,thoma
2014,african
2015,schedul
2016,plenti
2017,solicit
2018,cycl
2019,length
2020,shell
2021,excess
2022,bound
2023,duncan
2024,began
2025,swap
2026,enforc
2027,distro
2028,onto
2029,acquisit
2030,img
2031,farmer
2032,rose
2033,experienc
2034,mere
2035,self
2036,clock
2037,encount
2038,rout
2039,henc
2040,candid
2041,own
2042,registr
2043,domin
2044,attend
2045,conclud
2046,homeown
2047,deep
2048,guido
2049,minim
2050,pointer
2051,transform
2052,demonstr
2053,liter
2054,straight
2055,hors
2056,elect
2057,televis
2058,russian
2059,wholesal
2060,prosper
2061,scale
2062,newspap
2063,kate
2064,london
2065,throw
2066,evolv
2067,famou
2068,grab
2069,co
2070,boost
2071,preserv
2072,buck
2073,unabl
2074,lawsuit
2075,chat
2076,toll
2077,oppos
2078,niall
2079,wave
2080,glad
2081,christian
2082,murder
2083,colleagu
2084,rank
2085,context
2086,receipt
2087,mix
2088,resel
2089,remark
2090,valhalla
2091,routin
2092,proof
2093,attain
2094,skin
2095,loop
2096,corrupt
2097,blame
2098,russia
2099,religi
2100,da
2101,assert
2102,crime
2103,entiti
2104,habea
2105,marshalles
2106,moral
2107,icq
2108,abacha
2109,replica
2110,mathemat
2111,destroy
2112,forest
2113,inkjet
2114,numer
2115,tast
2116,accur
2117,webmast
2118,brent
2119,asia
2120,scientif
2121,vircio
2122,paypal
2123,glm
2124,tune
2125,newsgroup
2126,passphras
2127,frequent
2128,regardless
2129,visitor
2130,throughout
2131,bu
2132,sheet
2133,ben
2134,mountain
2135,victim
2136,formal
2137,song
2138,jar
2139,chart
2140,bless
2141,brother
2142,heavi
2143,column
2144,embed
2145,po
2146,na
2147,hint
2148,yellow
2149,hash
2150,joseph
2151,yield
2152,rise
2153,null
2154,classic
2155,bay
2156,remind
2157,logic
2158,dog
2159,town
2160,aim
2161,labor
2162,chip
2163,branch
2164,consequ
2165,drink
2166,amateur
2167,pro
2168,freebsd
2169,mess
2170,limbo
2171,trace
2172,pure
2173,incompat
2174,smoker
2175,il
2176,focus
2177,export
2178,gambl
2179,felt
2180,syntax
2181,prize
2182,est
2183,ladi
2184,opposit
2185,topic
2186,violenc
2187,que
2188,imho
2189,decemb
2190,crap
2191,assign
2192,coast
2193,exhibit
2194,negoti
2195,privileg
2196,exceed
2197,spirit
2198,worker
2199,adapt
2200,satisfact
2201,joke
2202,pars
2203,spamtrap
2204,complic
2205,batch
2206,vice
2207,riaa
2208,stage
2209,pa
2210,cheaper
2211,byte
2212,stamp
2213,pursu
2214,specialist
2215,circumst
2216,battl
2217,tremend
2218,incorpor
2219,lib
2220,appoint
2221,fan
2222,older
2223,loos
2224,entitl
2225,struggl
2226,strengthen
2227,jodi
2228,keyword
2229,airlin
2230,florida
2231,unknown
2232,truck
2233,compress
2234,goto
2235,alan
2236,affair
2237,sur
2238,admit
2239,boundari
2240,liberti
2241,sophist
2242,moder
2243,okay
2244,kit
2245,bet
2246,caught
2247,intel
2248,compel
2249,ui
2250,dublin
2251,gather
2252,unwant
2253,alert
2254,trivial
2255,lover
2256,chairman
2257,muslim
2258,margin
2259,belief
2260,surfac
2261,britain
2262,transmiss
2263,ahead
2264,disclosur
2265,australia
2266,sector
2267,airport
2268,album
2269,wear
2270,ideal
2271,trend
2272,hole
2273,pioneer
2274,ownership
2275,ved
2276,penni
2277,mastercard
2278,owe
2279,marri
2280,adjust
2281,timeout
2282,dice
2283,maximum
2284,weather
2285,wa
2286,msn
2287,jack
2288,tin
2289,refus
2290,overal
2291,stress
2292,maker
2293,assumpt
2294,stephen
2295,lay
2296,encod
2297,raw
2298,majesti
2299,ice
2300,mplayer
2301,suffici
2302,reform
2303,palestinian
2304,relay
2305,weak
2306,outlook
2307,pickl
2308,scott
2309,dump
2310,wealthi
2311,schuman
2312,curv
2313,finger
2314,propag
2315,sentenc
2316,chain
2317,captur
2318,portabl
2319,debug
2320,egg
2321,ne
2322,hawaii
2323,magic
2324,influenc
2325,ou
2326,vision
2327,weird
2328,astronom
2329,holiday
2330,spring
2331,crack
2332,submiss
2333,retain
2334,trademark
2335,explan
2336,bone
2337,whatsoev
2338,patrick
2339,admin
2340,depress
2341,shout
2342,catalog
2343,lilo
2344,frustrat
2345,endeavor
2346,session
2347,mandat
2348,dinosaur
2349,silli
2350,heck
2351,hacker
2352,intellectu
2353,settl
2354,fli
2355,mysql
2356,rah
2357,movement
2358,corner
2359,bomb
2360,besid
2361,belong
2362,speaker
2363,tower
2364,api
2365,circl
2366,ethic
2367,ram
2368,rapidli
2369,francisco
2370,spambay
2371,inexpens
2372,minist
2373,casino
2374,gpg
2375,hospit
2376,unusu
2377,outstand
2378,latter
2379,buri
2380,virginia
2381,ar
2382,scratch
2383,randomli
2384,bsd
2385,expos
2386,intent
2387,ton
2388,prob
2389,recognit
2390,constant
2391,pentium
2392,scholarship
2393,abandon
2394,snore
2395,germani
2396,iroijlaplap
2397,proceed
2398,preced
2399,xxx
2400,joint
2401,hide
2402,celebr
2403,theme
2404,ce
2405,greatest
2406,lean
2407,ir
2408,necessarili
2409,twenti
2410,tivo
2411,openssl
2412,formul
2413,igtt
2414,jeremi
2415,du
2416,organis
2417,thirti
2418,plane
2419,ez
2420,fuel
2421,japan
2422,element
2423,recov
2424,tweak
2425,wild
2426,maxim
2427,jurisdict
2428,une
2429,forum
2430,german
2431,dr
2432,armi
2433,season
2434,fp
2435,es
2436,framework
2437,draft
2438,arg
2439,relax
2440,openssh
2441,marriag
2442,richard
2443,greet
2444,harvest
2445,conclus
2446,council
2447,fashion
2448,potent
2449,burner
2450,subsequ
2451,notifi
2452,magnitud
2453,zone
2454,rm
2455,freez
2456,trader
2457,crazi
2458,pci
2459,con
2460,layer
2461,seattl
2462,asian
2463,scope
2464,maxaman
2465,till
2466,telecommun
2467,boom
2468,angel
2469,shoot
2470,anthoni
2471,quarter
2472,advisor
2473,bond
2474,everywher
2475,ratak
2476,mutual
2477,bob
2478,distributor
2479,invalid
2480,flight
2481,scenario
2482,elig
2483,murjel
2484,dedic
2485,commerc
2486,contest
2487,pleasur
2488,tobacco
2489,decreas
2490,ximian
2491,leas
2492,raid
2493,capitalist
2494,milter
2495,hook
2496,render
2497,apach
2498,khare
2499,wisdom
